"valence","year","acousticness","danceability","duration_ms","energy","instrumentalness","liveness","loudness","speechiness","tempo"
0.44176732736573004,0.9642266656333246,0.10978951751918166,0.7699104859335038,0.03663123666011317,0.5920613810741682,0.006855506023017906,0.15398350383631723,0.8332690592757216,0.17458452685421996,0.5016909900036279
0.6257187499999995,0.9276805214305301,0.5268521959459467,0.690422297297298,0.0376696406052925,0.5788099662162158,0.010624759755067575,0.16824594594594602,0.8267762212529668,0.11259391891891876,0.4882157051870086
0.461212750455373,0.8995725316308295,0.052681805604128724,0.5269508196721319,0.041889699754376834,0.8305118397085608,0.018402048652094726,0.25261050394657,0.8628819649025536,0.08887553126897357,0.5306749197379602
0.23850597222222195,0.9184413580246993,0.18753379361111094,0.5492504861111103,0.04239798538877673,0.5531281811805557,0.013211877534722218,0.15936229166666685,0.8232573147495634,0.06685416666666678,0.49397140020615543
0.19109938461538484,0.9344988344988333,0.501577228423077,0.37409038461538474,0.03629503933763979,0.42228934076923075,0.8461961538461533,0.26030615384615374,0.6528273793390078,0.07225269230769227,0.41218238553243297
0.7734156234351536,0.9274416675518429,0.11122200495743625,0.7272669003505258,0.0381821925239953,0.7546094141211818,0.013312292674011024,0.1742514271407109,0.8569878229763407,0.10503775663495249,0.5010990780544278
0.763861148197597,0.595919137975213,0.1996470072096128,0.6171415220293716,0.04271784033653726,0.6717610146862489,0.027981364018691602,0.16804979973297746,0.7985742899022624,0.05294659546061415,0.5039624234092497
0.30460551813471487,0.8652675284799699,0.7641096718480135,0.515775561312608,0.04003835699852648,0.3198780663212432,0.019185833713298805,0.15223290155440403,0.7671824888236509,0.0608213298791019,0.46498322479804655
